{
  "topk_map": {
    "FLGSEXO": [
      "F",
      "M"
    ],
    "TIPESTCIVIL": [
      "CAS",
      "CBS",
      "CON",
      "SEP",
      "SOL"
    ],
    "TIPNIVELEDUCACIONAL": [
      "BAC",
      "SUP",
      "TEC",
      "TIT",
      "otros"
    ],
    "TIPSITUACIONLABORAL": [
      "DEP",
      "EST",
      "IND",
      "NDI",
      "SUC"
    ],
    "DEPARTAMENTO": [
      "AREQUIPA                 ",
      "CALLAO                   ",
      "LA LIBERTAD              ",
      "LIMA                     ",
      "otros"
    ],
    "NIVEL_SOCIECON": [
      "A",
      "B",
      "C",
      "D"
    ],
    "SEGMENTO_DIGITAL": [
      "DIGITAL ALTO",
      "DIGITAL BAJO",
      "NO DIGITAL"
    ],
    "SEGMENTO_BANCO": [
      "SEG_1",
      "SEG_2",
      "SEG_3",
      "SEG_4",
      "otros"
    ]
  },
  "num_medians": {
    "EDAD": 37.0,
    "INGRESO_ESTIMADO": 3780.6637499999997
  },
  "woe_maps": {
    "FLGSEXO": {
      "F": -0.08177495407643565,
      "M": 0.05092624650543057
    },
    "TIPESTCIVIL": {
      "CAS": 0.04614615427291692,
      "CBS": -0.6831153073561863,
      "CON": 0.053590837128181294,
      "SEP": -0.11891142091792897,
      "SOL": 0.006389751756310278,
      "otros": 0.702650691646888
    },
    "TIPNIVELEDUCACIONAL": {
      "BAC": -0.17359668664964123,
      "NDI": -0.10231266960263048,
      "SUP": 0.5506861061953274,
      "TEC": 1.4566301636957475,
      "TIT": -0.3847187259267393,
      "otros": -0.2797077095020789
    },
    "TIPSITUACIONLABORAL": {
      "DEP": -0.057788535854545395,
      "EST": -0.025452995643138937,
      "IND": 0.18088298040716247,
      "NDI": 0.04742801380361,
      "SUC": 0.7837717113619466,
      "otros": -0.460791375213585
    },
    "DEPARTAMENTO": {
      "AREQUIPA                 ": 0.006219828435808591,
      "CALLAO                   ": 0.6565081061129209,
      "LA LIBERTAD              ": 1.0975658179939245,
      "LIMA                     ": -0.13043430651835206,
      "PIURA                    ": 0.2987213721104824,
      "otros": 0.7253644004576565
    },
    "NIVEL_SOCIECON": {
      "A": -1.1746355140004483,
      "B": -0.3334442667569567,
      "C": -1.0724492510668102,
      "D": 0.5018731364324214
    },
    "SEGMENTO_DIGITAL": {
      "DIGITAL ALTO": -0.13026389485140366,
      "DIGITAL BAJO": 1.8109959622620129,
      "NO DIGITAL": 1.8115261848862518
    },
    "SEGMENTO_BANCO": {
      "SEG_1": 0.9824565060346747,
      "SEG_2": 0.5648209449704771,
      "SEG_3": 0.37095589440734483,
      "SEG_4": -0.6185156929024863,
      "SEG_5": -0.45106637323747134,
      "otros": -0.27109798388587275
    }
  },
  "scaler_mean": [
    0.002061782318718147,
    0.0067285899085650575,
    0.1610401523465524,
    0.019627685337299652,
    38.691186412033126,
    0.0519047569321506,
    5984.232762862784,
    0.13628747034354427,
    0.14602410735578386,
    0.15741337866347707,
    152.18548887036906,
    8.296339808273771
  ],
  "scaler_scale": [
    0.06400497795571719,
    0.10817676682201936,
    0.6511202496718479,
    0.2179592405719007,
    9.934974024520846,
    0.35724336733350437,
    7893.737711599102,
    0.4885161988421382,
    0.6782740715461695,
    0.5772959952166483,
    174.5574591006498,
    0.8435372258994265
  ],
  "model_type": "RandomForestClassifier"
}